INSERT INTO users (id, name, age) VALUES
(1, 'Dan', 24),
(2, 'Sarah', 16),
(3, 'Sal', 12),
(4, 'Max', 23),
(5, 'Anthony', 32),
(6, 'Roger', 14),
(7, 'Victoria', 19),
(8, 'Sophie', 17),
(9, 'Peter', 43),
(10, 'Elsbeth', 23),
(11, 'Tom', 19),
(12, 'Alex', 53),
(13, 'Thomas', 43),
(14, 'Martin', 32),
(15, 'Pat', 56),
(16, 'Holly', 25),
(17, 'Matthew', 67),
(18, 'Anna', 92),
(19, 'Luke', 14),
(20, 'Bob', 17);

INSERT INTO projects (id, title, category, funding_goal, start_date, end_date) VALUES
(1, 'Storybook project', 'literature', 220.00, '2016-04-28', '2016-05-28'),
(2, 'Artworks collection', 'arts', 40.00, '2016-04-30', '2016-05-30'),
(3, 'Roger Rabbit Returns', 'literature', 40.00, '2017-02-20', '2017-03-20'),
(4, 'Dachshund protection scheme', 'charity', 800.00, '2017-02-02', '2017-03-02'),
(5, 'Party with the stars', 'charity', 400.00, '2015-08-16', '2015-09-16'),
(6, 'Car collection', 'automobiles', 220.00, '2016-04-28', '2016-05-28'),
(7, 'Cards', 'games', 2400.00, '2017-03-18', '2017-04-18'),
(8, 'Diamonds are forever', 'movies', 880.00, '2017-01-15', '2017-02-15'),
(9, 'Christina Aguilera collection', 'music', 10.00, '2014-04-24', '2014-05-24'),
(10, 'Food for newbies', 'literature', 30.00, '2016-08-18', '2016-08-18');

INSERT INTO pledges (id, amount, user_id, project_id) VALUES
(1, 14.00, 1, 2),
(2, 42.00, 2, 4),
(3, 40.00, 1, 4),
(4, 50.00, 2, 3),
(5, 10.00, 3, 2),
(6, 56.00, 4, 4),
(7, 40.00, 6, 8),
(8, 54.00, 6, 10),
(9, 50.00, 3, 4),
(10, 36.00, 8, 8),
(11, 888.00, 8, 7),
(12, 40.00, 9, 6),
(13, 50.00, 9, 3),
(14, 80.00, 10, 4),
(15, 24.00, 8, 2),
(16, 400.00, 11, 1),
(17, 30.00, 13, 6),
(18, 19.00, 4, 2),
(19, 20.00, 15, 5),
(20, 200.00, 16, 6),
(21, 35.50, 18, 5),
(22, 40.00, 4, 2),
(23, 60.00, 19, 9),
(24, 600.00, 12, 6),
(25, 50.00, 17, 1),
(26, 40.00, 8, 1),
(27, 15.00, 18, 6),
(28, 34.00, 17, 9),
(29, 450.00, 8, 6),
(30, 900.00, 3, 5);

